username, password
manuel, password1
antonio, password2
bianca, password3
isabella, password4
eduard, password5
andrea, password6
brad, password7
alice, password8
rosie, password9
roderick, password10
anthony, password11
josie, password12
martha, password13
leila, password14
fredrick, password15
christian, password16
selena, password17
allison, password18
cydney, password19
mark, password20
darlene, password21
kolby, password22
vella, password23
tomas, password24
jacklyn, password25
percival, password26
garfield, password27
lizeth, password28
carol, password29
emelia, password30
delia, password31
john, password32
carlos, password33
beatriz, password34
